{
    "data": {
        "Karnataka": 145.59269102990035,
        "Chandigarh": 95.15454545454546,
        "West Bengal": 188.99660194174754,
        "Gujarat": 172.30347826086935,
        "Lakshadweep": 157.06666666666666,
        "Goa": 519.4764705882353,
        "Jammu & Kashmir": 78.96177777777778,
        "Assam": 239.75335570469792,
        "Madhya Pradesh": 104.2434782608697,
        "Kerala": 270.43121019108276,
        "Orissa": 153.36604361370706,
        "NCT of Delhi": 63.3341463414634,
        "Manipur": 140.02795698924734,
        "Uttar Pradesh": 79.63592896174863,
        "Arunachal Pradesh": 243.73539325842697,
        "Pondicherry": 229.92249999999999,
        "Mizoram": 167.92716049382713,
        "Sikkim": 256.8456521739131,
        "Daman & Diu": 261.6,
        "Meghalaya": 507.2705128205129,
        "Punjab": 55.219444444444434,
        "Himachal Pradesh": 101.97555555555556,
        "Andhra Pradesh": 109.54054054054052,
        "Haryana": 54.137272727272716,
        "Chhattisgarh": 133.53092783505159,
        "Telangana": 129.10147492625362,
        "Nagaland": 114.63200000000005,
        "Tripura": 201.88139534883715,
        "Bihar": 143.61272264631032,
        "Uttarakhand": 127.50283687943255,
        "Andaman & Nicobar Islands": 268.7548387096774,
        "Jharkhand": 111.42218045112787,
        "Rajasthan": 63.41396103896098,
        "Tamilnadu": 97.64974619289333,
        "Maharashtra": 174.34815950920233,
        "Dadra & Nagar Haveli": 482.76000000000005
    }
}